Job Role,Category,Domain/Industry,Company Size,Job Description,Required Skills,Responsibilities,Core Constraint
Sales Executive,Sales,Tech/B2B SaaS,Startup,Drive new revenue through outbound prospecting and closing deals.,"Cold calling, Salesforce, Negotiation, Lead Generation","Prospecting, conducting demos, closing contracts, hitting monthly quotas.",High quota pressure and long sales cycles
Account Manager,Sales,Beauty/Cosmetics,Mid,Manage relationships with key retail distributors and salons.,"Relationship building, CRM, Upselling, Account Planning","Onboarding new clients, securing shelf space, managing renewals.",Client churn and highly competitive retail space
Business Development Associate,Sales,EdTech,Small,Identify and secure institutional partnerships with schools and universities.,"B2B Sales, Pitching, Market Research, Contract Negotiation","Mapping out territories, pitching to principals, negotiating contracts.",Long institutional approval processes
Inside Sales Specialist,Sales,Tech/SaaS,Startup,Handle inbound leads and qualify them for Account Executives.,"HubSpot, Lead Qualification, Active Listening, Email Outreach","Calling inbound leads, setting up discovery calls, CRM hygiene.",High volume of unqualified leads
Jr.Product Marketing Manager,Product Marketing,Tech/SaaS,Large/Listed,Lead the go-to-market strategy for new enterprise software features.,"Positioning, Market Research, Storytelling, Cross-functional Leadership","Creating battlecards, training sales, defining buyer personas.",Aligning product timelines with marketing launches
Associate Product Marketer,Product Marketing,FinTech,Startup,Support the PMM team with collateral creation and market research.,"Copywriting, Competitor Analysis, Canva, Analytics","Writing one-pagers, tracking competitor feature drops, assisting launches.",Limited budget and fast product iteration
Technical Product Marketer,Product Marketing,Tech/Cloud,Mid,Translate complex API features into developer-friendly marketing.,"Technical Writing, API knowledge, Video Demos, Product Strategy","Creating technical documentation, hosting webinars, writing dev blogs.",Translating deep tech into digestible business value
Brand Marketing Specialist,Product Marketing,Beauty/Cosmetics,Small,Maintain brand voice and launch awareness campaigns for new skincare lines.,"Brand Strategy, Influencer Management, PR, Campaign Planning","Coordinating photoshoots, managing influencer seeding, tracking brand lift.",Standing out in a saturated market
Social Media Manager,Social Media,Lifestyle/Apparel,Mid,"Own the organic social strategy across IG, TikTok, and Pinterest.","Content Strategy, Sprout Social, Copywriting, Trend Analysis","Creating content calendars, directing shoots, community management.",Platform algorithm changes impacting organic reach
Content Creator,Social Media,Beauty/Cosmetics,Startup,"Shoot, edit, and post daily short-form video content.","CapCut, TikTok Trends, Camera Equipment, Lighting","Scripting reels, appearing on camera, engaging with comments.",Creative burnout and keeping up with daily trends
Community Manager,Social Media,Tech/Gaming,Large/Listed,Foster a safe and engaged community on Discord and Reddit.,"Discord moderation, Empathy, Crisis Communication, Event Planning","Hosting AMAs, moderating forums, gathering user feedback.",Handling toxic user behavior and product complaints
Social Media Analyst,Social Media,FMCG,Large/Listed,Analyze social campaign performance and provide actionable insights.,"Excel, Social Listening tools, Tableau, Data Visualization","Creating weekly KPI reports, tracking competitor engagement rates.",Connecting social metrics to actual sales revenue
Paid Ads Specialist,Performance Marketing,EdTech,Mid,Manage and optimize paid acquisition budgets across Meta and Google.,"Meta Ads Manager, Google Ads, A/B Testing, Budget Allocation","Setting up ad sets, testing creatives, monitoring CPA and ROAS.",Strict CPA limits and rising ad costs
SEO Strategist,Seo/Content,Tech/SaaS,Startup,Lead organic search growth to reduce reliance on paid ads.,"Ahrefs, Technical SEO, Keyword Research, Google Analytics","Conducting site audits, planning content clusters, building backlinks.",High domain authority competitors
Content Writer,Seo/Content,Lifestyle/Travel,Small,"Write engaging, SEO-optimized long-form blog posts and guides.","SEO writing, WordPress, Research, Grammar","Drafting 3 articles a week, interviewing experts, updating old content.",Writer's block and strict SEO keyword constraints
Copywriter,Seo/Content,Beauty/Cosmetics,Mid,"Write high-converting copy for landing pages, emails, and ads.","Direct Response Copy, Consumer Psychology, A/B Testing","Drafting ad hooks, writing product descriptions, crafting email subject lines.",Balancing compliance with persuasive claims
Content Marketing Associate,Seo/Content,FinTech,Large/Listed,Help in oversee the entire content lifecycle from strategy to distribution.,"Content Strategy, Editorial Planning, Team Management, SEO","Writing briefs, supporting content head with managing influencer campagins",Producing high-quality content at scale
Email Marketing Specialist,Lifecycle/Crm,Lifestyle/Apparel,Mid,Build and execute weekly promotional and newsletter email campaigns.,"Mailchimp/Klaviyo, HTML/CSS basics, Copywriting, Segmentation","Designing email templates, A/B testing subject lines, tracking open rates.",Avoiding the spam folder and list fatigue
CRM Associate,Lifecycle/Crm,Tech/SaaS,Large/Listed,Map and optimize the entire customer lifecycle to reduce churn.,"HubSpot/Salesforce, Journey Mapping, Data Analysis, Automation","Building onboarding workflows, setting up lead scoring, monitoring LTV.",Complex data integration between sales and marketing systems
Growth Marketer,Performance Marketing,FinTech,Startup,Run rapid experiments across all channels to drive user acquisition.,"Data Analysis, Conversion Rate Optimization, SQL basics, UX principles","Designing landing page tests, launching viral loops, tracking funnels.",Finding scalable channels with limited budget
Events Marketing Associate,Events,Tech/B2B SaaS,Mid,Plan and execute industry trade shows and field marketing events.,"Event Logistics, Budgeting, Vendor Negotiation, Lead Capture","Booking booths, designing swag, managing event staff, tracking event ROI.",Unpredictable foot traffic and high logistical costs
Partnerships Associate,Sales,Beauty/Cosmetics,Startup,Identify and collaborate with complementary brands for co-marketing.,"Networking, Contract Negotiation, Strategic Planning, PR","Pitching collaboration ideas, drafting MOUs, executing joint giveaways.",Aligning timelines and brand values with partners
E-commerce Associate,Performance Marketing,Lifestyle/Apparel,Small,Help manage the Shopify storefront and optimize for sales conversions.,"Shopify Admin, CRO, Inventory Management, Google Analytics","Updating product listings, managing discount codes, analyzing site traffic.",Cart abandonment and website downtime
Video Marketing Specialist,Social Media,EdTech,Mid,Produce educational video content for YouTube and course platforms.,"Premiere Pro, Scriptwriting, Lighting, YouTube SEO","Storyboarding, recording lectures, optimizing titles and tags.",Long production times and maintaining viewer retention
PR Specialist,Seo/Content,FMCG,Large/Listed,"Manage public relations, press releases, and media outreach.","Media Relations, Press Release Writing, Crisis Management, Networking","Pitching stories to journalists, monitoring brand mentions, handling crises.",Securing coverage in a noisy news cycle
Demand Generation Lead,Performance Marketing,Tech/B2B SaaS,Mid,Own the pipeline creation strategy for the enterprise sales team.,"Marketo, Lead Scoring, Webinar Hosting, Campaign Strategy","Running multi-channel campaigns, aligning with sales on MQL definitions.",Ensuring lead quality over pure lead quantity
Customer Marketing Associate,Lifecycle/Crm,Tech/SaaS,Mid,"Drive advocacy, case studies, and upsells from existing customers.","Customer Interviewing, Case Study Writing, NPS Tracking, Advocacy Programs","Sourcing testimonials, running user groups, creating referral programs.",Getting busy customers to commit to case studies
SEO Specialist,Seo/Content,Beauty/Cosmetics,Small,Optimize e-commerce product pages for search engines.,"Keyword mapping, On-page SEO, Shopify SEO, Screaming Frog","Writing meta descriptions, optimizing images, fixing broken links.",E-commerce platform limitations
Sales Development Rep (SDR),Sales,Tech/SaaS,Startup,Generate qualified meetings for Account Executives through cold outreach.,"Cold Emailing, LinkedIn Sales Navigator, Resilience, CRM","Sending 100+ emails daily, cold calling, qualifying prospects.",Constant rejection and low reply rates
Retail Marketing Coordinator,Product Marketing,FMCG,Large/Listed,Ensure brand consistency and promotions in physical retail stores.,"Merchandising, Point of Sale Design, Vendor Management, Organization","Designing end-caps, coordinating sampling events, tracking in-store sales.",Ensuring retail partners comply with brand guidelines
Influencer Marketing Manager,Social Media,Lifestyle/Apparel,Mid,"Identify, negotiate with, and manage relationships with influencers.","Contract Negotiation, Relationship Management, Trend Spotting, ROI tracking","Sourcing creators, sending PR packages, reviewing sponsored content.",Measuring direct ROI from influencer posts
Affiliate Marketing Manager,Performance Marketing,FinTech,Mid,Manage the affiliate program to drive third-party referrals.,"Affiliate Networks, Relationship Building, Commission Structuring, Fraud Detection","Recruiting affiliates, managing payouts, monitoring for spam traffic.",Affiliate fraud and maintaining brand safety
Marketing Operations Manager,Performance Marketing,Tech/Large/Listed,Manage the marketing technology stack and data routing.,"Marketo/HubSpot Admin, Data Hygiene, API Integrations, Analytics","Ensuring leads sync to Salesforce, managing database health, building reports.",Messy legacy data and broken integrations,
Conversion Rate Optimizer,Performance Marketing,Tech/SaaS,Startup,Improve the percentage of website visitors who sign up for trials.,"Optimizely, Heatmaps, UX Design, Copywriting","Running A/B tests on buttons, simplifying forms, analyzing user recordings.",Getting enough traffic to reach statistical significance
Internal Communications Manager,Seo/Content,Large/Listed,All Domains,Manage communications between leadership and employees.,"Corporate Writing, Intranet Management, Empathy, Event Planning","Writing company newsletters, organizing town halls, managing employee feedback.",Maintaining morale during company changes
Field Marketing Specialist,Events,Tech/B2B SaaS,Startup,Execute regional marketing campaigns to support local sales reps.,"Local Market Research, Event Coordination, Budgeting, Lead Routing","Hosting regional dinners, attending local trade shows, running targeted local ads.",Scaling efforts across multiple different regions
Product Launch Manager,Product Marketing,FMCG,Large/Listed,Coordinate the end-to-end process of bringing a new product to market.,"Project Management, Cross-functional alignment, Timeline Management, Budgeting","Running launch meetings, tracking deliverables across packaging, marketing, and sales.",Delays in manufacturing impacting marketing dates
Creative Director,Social Media,Beauty/Cosmetics,Mid,Oversee the visual identity and creative output of the brand.,"Art Direction, Leadership, Adobe Creative Suite, Brand Strategy","Reviewing ad creatives, directing photoshoots, mentoring designers.",Balancing creative vision with performance marketing metrics
Graphic Designer,Social Media,Lifestyle/Apparel,Small,Create static and motion graphics for social media and website.,"Photoshop, Illustrator, After Effects, Typography","Designing Instagram carousels, web banners, and email headers.",Tight turnaround times and multiple revision rounds
User Acquisition Manager,Performance Marketing,Tech/Gaming,Startup,Drive app installs through mobile ad networks.,"Mobile Measurement Partners (AppsFlyer), Apple Search Ads, UAC, Data Analysis","Optimizing app store listings, running CPI campaigns, tracking post-install events.",Apple's ATT privacy changes impacting tracking
Social Media Manager,Social Media,Lifestyle/Apparel,Small,"Own the organic social strategy across IG, TikTok, and Pinterest.","Content Strategy, Sprout Social, Copywriting, Trend Analysis","Creating content calendars, directing shoots, community management.",Platform algorithm changes impacting organic reach
SEO Strategist,SEO/Content,Tech/SaaS,Startup,Lead organic search growth to reduce reliance on paid ads.,"Ahrefs, Technical SEO, Keyword Research, Google Analytics","Conducting site audits, planning content clusters, building backlinks.",High domain authority competitors
Performance Marketer,Performance,E-commerce,Mid,Manage and optimize paid acquisition budgets across Meta and Google.,"Meta Ads Manager, Google Ads, A/B Testing, Budget Allocation","Setting up ad sets, testing creatives, monitoring CPA and ROAS.",Strict CPA limits and rising ad costs
Product Marketing Manager,Product,FinTech,Large/Listed,Lead the go-to-market strategy for new enterprise software features.,"Positioning, Market Research, Storytelling, Cross-functional Leadership","Creating battlecards, training sales, defining buyer personas.",Aligning product timelines with marketing launches
Email Marketing Specialist,Lifecycle Marketing,FMCG,Mid,Build and execute weekly promotional and newsletter email campaigns.,"Mailchimp/Klaviyo, HTML/CSS basics, Copywriting, Segmentation","Designing email templates, A/B testing subject lines, tracking open rates.",Avoiding the spam folder and list fatigue
Event Coordinator,Events,Beauty/Cosmetics,Small,Plan and execute pop-up shops and influencer launch parties.,"Event Logistics, Budgeting, Vendor Negotiation, Creative Vision","Scouting locations, ordering catering, managing guest lists.",Unpredictable weather and last-minute cancellations
PR Manager,PR/Brand,Tech/B2B SaaS,Startup,Secure media coverage and manage the company's public image.,"Media Relations, Press Release Writing, Pitching, Crisis Management","Building relationships with journalists, securing podcast interviews.",Getting reporters to care about a niche B2B product
Brand Manager,PR/Brand,FMCG,Large/Listed,Define the core identity and positioning for new product lines.,"Market Research, Consumer Psychology, Presentation Skills, Creative Thinking","Running focus groups, building brand guidelines, analyzing market trends.",Differentiating from legacy competitors with massive budgets
Affiliate Manager,Performance,Lifestyle/Apparel,Mid,Grow the brand's affiliate network and manage partner payouts.,"Relationship Building, Negotiation, Excel, Analytics","Recruiting new affiliates, structuring commission tiers, tracking traffic.",Attribution issues and coupon site spam
Influencer Marketing Manager,Social Media,Beauty/Cosmetics,Startup,"Identify, negotiate with, and manage relationships with influencers.","Contract Negotiation, Relationship Management, Trend Spotting, ROI tracking","Sourcing creators, sending PR packages, reviewing sponsored content.",Measuring direct ROI from influencer posts
Growth Marketer,Performance,EdTech,Mid,Run rapid experiments across all channels to drive user acquisition.,"Data Analysis, Conversion Rate Optimization, SQL basics, UX principles","Designing landing page tests, launching viral loops, tracking funnels.",Finding scalable channels with limited budget
CRM Manager,Lifecycle Marketing,Tech/SaaS,Large/Listed,Map and optimize the entire customer lifecycle to reduce churn.,"HubSpot/Salesforce, Journey Mapping, Data Analysis, Automation","Building onboarding workflows, setting up lead scoring, monitoring LTV.",Complex data integration between sales and marketing systems
Content Marketing Manager,SEO/Content,FinTech,Mid,Oversee the entire content lifecycle from strategy to distribution.,"Content Strategy, Editorial Planning, Team Management, SEO","Managing freelancers, approving briefs, measuring content ROI.",Producing high-quality content at scale
Demand Generation Lead,Performance,Tech/Cloud,Large/Listed,Own the pipeline creation strategy for the enterprise sales team.,"Marketo, Lead Scoring, Webinar Hosting, Campaign Strategy","Running multi-channel campaigns, aligning with sales on MQL definitions.",Ensuring lead quality over pure lead quantity
Community Manager,Social Media,Gaming,Startup,Engage and moderate the player community on Discord and social media.,"Discord Admin, Crisis Communication, Empathy, Meme Culture","Hosting AMAs, gathering player feedback, banning toxic users.",Handling intense player backlash over game balance changes
Paid Ads Specialist,Performance,E-commerce,Small,Execute daily optimizations on high-budget Google Shopping campaigns.,"Google Ads, Bid Management, Data Analysis, Merchant Center","Adjusting bids, reviewing search terms, updating product feeds.",Constant fluctuations in competitor bidding
Technical Product Marketer,Product,Tech/SaaS,Large/Listed,Translate complex API features into developer-friendly marketing.,"Technical Writing, API knowledge, Video Demos, Product Strategy","Creating technical documentation, hosting webinars, writing dev blogs.",Translating deep tech into digestible business value
Lifecycle Marketer,Lifecycle Marketing,Lifestyle/Apparel,Startup,Design the end-to-end post-purchase journey to delight customers.,"Journey Mapping, Empathy, Survey Design, Cross-functional Collaboration","Analyzing NPS scores, revamping unboxing experiences, coaching support.",Translating qualitative feedback into actionable product changes
TikTok Strategist,Social Media,Beauty/Cosmetics,Small,Plan the brand's TikTok growth strategy and identify viral opportunities.,"TikTok Algorithm Knowledge, Trend Forecasting, Data Analysis","Researching trending audio, briefing creators, analyzing video retention.",Unpredictable algorithm shifts burying content
Digital Marketing Manager,Performance,EdTech,Startup,Oversee all digital marketing efforts from paid to organic channels.,"Multi-channel Strategy, Budgeting, Analytics, Leadership","Allocating ad spend, reviewing campaign performance, managing agencies.",Scaling student enrollments during off-season months
Marketing Operations Manager,Operations,Tech/SaaS,Large/Listed,Manage the marketing technology stack and data routing.,"Marketo/HubSpot Admin, Data Hygiene, API Integrations, Analytics","Ensuring leads sync to Salesforce, managing database health, building reports.",Messy legacy data and broken integrations
Conversion Rate Optimizer,Performance,E-commerce,Mid,Improve the percentage of website visitors who complete a purchase.,"Optimizely, Heatmaps, UX Design, Copywriting","Running A/B tests on buttons, simplifying checkout, analyzing user recordings.",Getting enough traffic to reach statistical significance
Channel Marketing Manager,Sales,Tech/Hardware,Large/Listed,"Create marketing materials for retail partners (Best Buy, Amazon).","Channel Strategy, Merchandising, B2B Relationship Management","Designing point-of-sale displays, organizing co-op advertising funds.",Getting retail partners to strictly follow brand guidelines
Field Marketing Specialist,Sales,Tech/B2B SaaS,Mid,Execute regional marketing campaigns to support local sales reps.,"Local Market Research, Event Coordination, Budgeting, Lead Routing","Hosting regional dinners, attending local trade shows, running targeted local ads.",Scaling efforts across multiple different regions
App Store Optimization Lead,SEO/Content,Lifestyle/App,Startup,"Optimize app titles, descriptions, and screenshots for higher rankings.","ASO Tools (SensorTower), Keyword Research, Copywriting, A/B Testing","Updating app store screenshots, writing release notes, analyzing keyword ranking.",Apple and Google algorithm updates
Lead Generation Specialist,Sales,Agency,Startup,Design and execute campaigns to capture top-of-funnel email leads.,"Lead Magnets, Landing Page Design, Email Scraping, Outbound","Creating gated ebooks, running LinkedIn lead gen ads, scraping contact lists.",Bypassing modern ad-blockers and spam filters
SMS Marketing Manager,Lifecycle Marketing,D2C E-commerce,Startup,Drive repeat purchases via targeted text message campaigns.,"Attentive/Postscript, Copywriting, TCPA Compliance","Writing text campaigns, segmenting lists, tracking ROI.",Strict legal opt-in requirements and high unsubscribe rates
Programmatic Media Buyer,Performance,Agency,Mid,Execute automated ad buying across large DSP networks.,"The Trade Desk, DV360, RTB, Bid Optimization","Managing programmatic budgets, analyzing bid landscapes, optimizing CPMs.",Ad fraud and complex supply-path opacity
Marketing Analytics Director,Operations,FinTech,Large/Listed,Build data models to prove the financial ROI of all marketing efforts.,"SQL, Tableau, Multi-touch Attribution, Leadership","Designing dashboards, presenting to C-suite, managing data engineers.",Disconnected data silos across legacy financial systems
Out-of-Home (OOH) Campaign Manager,PR/Brand,FMCG,Large/Listed,Plan and buy physical billboard and transit advertising.,"Media Buying, Spatial Awareness, Vendor Negotiation","Scouting ad locations, printing logistics, measuring foot traffic lift.",Inability to track exact digital-style conversion metrics
Podcast Advertising Specialist,Performance,Media/Publishing,Small,Buy host-read ad spots on targeted niche podcasts.,"Media Buying, Relationship Management, Audio Tracking","Sourcing shows, writing host bullet points, tracking promo codes.",Lack of standardized podcast measurement metrics
Retention Marketing Manager,Lifecycle Marketing,HealthTech,Mid,Focus exclusively on keeping existing patients engaged with the platform.,"Cohort Analysis, Braze/Iterable, Empathy, Data Mining","Launching win-back campaigns, analyzing drop-off points, boosting LTV.",Patients ignoring preventative healthcare messaging
B2B Webinar Producer,Events,Tech/SaaS,Startup,Run end-to-end live digital events to capture enterprise leads.,"ON24/ZoomWebinar, Public Speaking, Slide Design","Prepping guest speakers, moderating live Q&A, formatting post-show replays.",Driving live attendance in a webinar-fatigued market
Partner Enablement Marketer,Sales,Tech/Cloud,Large/Listed,Equip third-party resellers with the marketing tools to sell your product.,"B2B Strategy, Portal Management, Content Creation","Creating pitch decks for partners, running co-op funds, hosting training.",Partners prioritizing competitor products over yours
Local SEO Specialist,SEO/Content,Real Estate,Small,Rank local business listings in the Google Map Pack.,"Google Business Profile, Citation Building, Local Keywords","Managing online reviews, standardizing NAP data, auditing local links.",Proving physical foot traffic resulted from a local search
Franchise Marketing Director,PR/Brand,Food/Beverage,Mid,Maintain brand consistency across hundreds of franchised locations.,"Brand Governance, Local Store Marketing, Diplomacy","Approving local ad spend, distributing national campaign assets.",Franchise owners going rogue and ignoring brand guidelines
Experiential Marketing Lead,Events,Automotive,Large/Listed,Design immersive physical experiences and test-drive events.,"Spatial Design, Event Logistics, Budget Management","Securing permits, designing interactive booths, managing brand ambassadors.",High upfront costs with difficult-to-measure direct ROI
Sponsorship Coordinator,PR/Brand,E-sports/Gaming,Startup,Secure and manage brand placements during live gaming tournaments.,"Negotiation, Twitch Analytics, Relationship Management","Drafting sponsorship decks, ensuring logo placement, tracking stream viewership.",Volatile viewership numbers and streamer controversies
Newsletter Growth Manager,Lifecycle Marketing,Media/Publishing,Mid,Grow free and paid subscriber bases for editorial newsletters.,"Substack/Beehiiv, Referral Programs, Copywriting","Running sweepstakes, testing signup forms, managing cross-promotions.",Inbox clipping and strict email provider spam filters
App Store Search Ads Specialist,Performance,Lifestyle/App,Startup,Run paid keyword campaigns within the Apple and Google app stores.,"Apple Search Ads, Keyword Bidding, ROAS Tracking","Adjusting cost-per-tap bids, testing ad variations, monitoring install rates.",Extremely high cost-per-acquisition in saturated app categories
E-commerce Marketplace Optimizer,Performance,Retail,Mid,Manage product visibility and ads directly on Amazon and Walmart.,"Amazon Ads, Seller Central, Listing Optimization","Running Sponsored Product ads, managing inventory levels, optimizing titles.",Amazon's constantly changing algorithm and fee structures
Community Marketing Manager,Social Media,Web3/Crypto,Startup,Build hype and manage token-holder sentiment on X and Discord.,"Crypto Literacy, Crisis Management, Telegram/Discord","Organizing AMAs, distributing airdrops, moderating daily chatter.",Extreme market volatility heavily impacting community mood
Corporate Communications Specialist,PR/Brand,FinTech,Large/Listed,Manage executive thought leadership and corporate messaging.,"Executive Ghostwriting, LinkedIn Strategy, Media Training","Writing CEO op-eds, drafting shareholder letters, prepping spokespeople.",Getting heavily booked executives to dedicate time to content
Marketing Automation Developer,Operations,Tech/B2B SaaS,Mid,Code and maintain the complex logic behind automated drip campaigns.,"Marketo/Pardot Architecture, HTML/CSS, API routing","Building scoring models, troubleshooting failed syncs, ensuring data privacy.",Breaking entire lead flows with a single logic error
Trade Show Manager,Events,Manufacturing,Large/Listed,Coordinate massive physical booths at global industrial expos.,"Freight Logistics, Budgeting, Lead Retrieval","Shipping heavy machinery, designing booth layouts, scanning badges.",Navigating union labor laws and exorbitant drayage fees at convention centers
Viral Marketing Strategist,Social Media,Entertainment,Startup,Manufacture viral moments and memes to promote upcoming film releases.,"Trend Forecasting, Meme Culture, Guerrilla Marketing","Seeding content on Reddit, hiring niche creators, designing stunts.",The unpredictable and unforced nature of true virality
Employer Brand Marketer,PR/Brand,HR Tech,Mid,Market the company as a top-tier workplace to attract talent.,"Recruitment Marketing, Glassdoor Management, Storytelling","Producing employee spotlight videos, managing career site SEO.",Counteracting negative anonymous reviews from former employees
Direct Mail Coordinator,Performance,Non-Profit,Small,Manage physical mailers and catalog drops for donor fundraising.,"Print Production, List Brokering, Direct Response Copy","Sourcing paper stock, purchasing mailing lists, tracking reply envelopes.",Rising postage costs and long lead times for print
Account-Based Marketing (ABM) Lead,Performance,Tech/Cybersecurity,Large/Listed,Run highly personalized campaigns targeting specific enterprise accounts.,"6sense/Terminus, Sales Alignment, Personalization","Sending bespoke direct mail to CTOs, running IP-targeted ads.",Achieving absolute alignment between sales and marketing teams
YouTube Growth Strategist,Social Media,EdTech,Mid,Optimize educational channels to capture YouTube search and suggested traffic.,"TubeBuddy/VidIQ, Thumbnail Design, Retention Analysis","A/B testing thumbnails, writing video scripts, analyzing audience drop-off.",Changing YouTube algorithms favoring new formats
Pinterest Ads Manager,Performance,Home/Decor,Small,Drive e-commerce sales through visually inspiring Promoted Pins.,"Pinterest Ads Manager, Visual Aesthetics, Trend Spotting","Uploading product catalogs, targeting home-renovation keywords, tracking CPA.","Long conversion windows (users pin now, buy months later)"
Interactive Content Producer,SEO/Content,Tech/SaaS,Startup,"Build calculators, quizzes, and assessments to capture leads.","Outgrow/Typeform, UX logic, Data Capture","Designing logic jumps, writing quiz outcomes, routing lead data.",Balancing fun/engaging experiences with mandatory lead-capture forms
Shopper Marketing Specialist,Sales,FMCG,Large/Listed,Create campaigns that influence buying decisions right at the retail shelf.,"POS Design, Rebate Programs, Consumer Psychology","Designing floor stickers, running Ibotta cash-back offers, partnering with grocers.",Getting retail chains to actually deploy the physical materials
Multicultural Marketing Manager,PR/Brand,Beauty/Cosmetics,Mid,Ensure marketing efforts authentically resonate with diverse demographics.,"Cultural Competence, Inclusivity, Market Research","Translating campaigns natively, sourcing diverse talent, avoiding tokenism.",Navigating cultural nuances without relying on stereotypes
Brand Partnerships Lead,PR/Brand,Travel/Hospitality,Mid,"Co-create campaigns with airlines, hotels, and credit card companies.","Contract Negotiation, B2B Sales, Strategic Alignment","Drafting joint-venture agreements, sharing loyalty data, planning sweepstakes.",Complex legal approvals for sharing customer data across brands
Loyalty Program Manager,Lifecycle Marketing,Airlines,Large/Listed,Design reward tiers and point systems to keep customers flying.,"Gamification, Financial Modeling, CRM","Adjusting point valuations, designing elite tier perks, analyzing redemption rates.",Devaluing points without triggering massive customer backlash
User Generated Content (UGC) Coordinator,Social Media,Lifestyle/Apparel,Startup,Source and repurpose authentic customer photos for paid ads.,"Outreach, Rights Management, Video Editing","DMs customers for photo rights, briefing micro-creators, editing ad montages.",Filtering through low-quality submissions to find ad-ready content
Voice Search Optimization Specialist,SEO/Content,E-commerce,Mid,Ensure products rank as the top answer on Alexa and Google Home devices.,"NLP understanding, Schema Markup, Conversational Keywords","Structuring FAQ pages, optimizing for near me voice queries.",Zero-click searches where the voice assistant gives the answer without visiting the site
Technical SEO Auditor,SEO/Content,Agency,Mid,Diagnose and fix deep website architecture issues blocking search engines.,"Screaming Frog, Log File Analysis, JavaScript SEO","Fixing crawl budgets, resolving redirect chains, rendering JS tags.",Convincing client developer teams to prioritize SEO fixes
Retail Media Network Buyer,Performance,FMCG,Large/Listed,Buy digital ad space directly on retailer websites (like Target.com).,"Criteo, Retail Analytics, E-commerce Strategy","Bidding on digital shelf space, matching inventory to ad spend.",Highly fragmented ad networks across dozens of different retailers
Audio Branding Specialist,PR/Brand,Music/Audio,Small,Create sonic logos and brand anthems for corporate clients.,"Sound Design, Music Theory, Psychology of Sound","Composing jingles, recording voiceovers, standardizing brand audio guidelines.",Subjective client feedback on abstract musical concepts
Product Led Growth (PLG) Marketer,Product,Tech/SaaS,Startup,Use the software product itself as the primary marketing channel.,"In-app Messaging (Pendo), UX Writing, Freemium Strategy","Designing referral loops within the app, pushing upsell tooltips.",Relying on engineering to implement marketing hooks
Event Ticketing Marketer,Performance,Entertainment,Mid,Drive rapid ticket sales for concerts and live festivals.,"Urgency Marketing, Dynamic Pricing, Meta Ads","Announcing lineups, running retargeting ads, managing pre-sale codes.",Combating ticket scalper bots and secondary market pricing
Metaverse Activation Manager,Events,Fashion,Large/Listed,Launch virtual clothing lines and brand experiences in Roblox/Decentraland.,"Web3 Trends, 3D Asset Management, Gen Z Marketing","Designing virtual pop-up shops, selling digital wearables (NFTs).",Justifying budget for highly experimental and unproven platforms
Grassroots Marketing Coordinator,Events,Non-Profit,Small,Mobilize volunteers and local communities for cause-based marketing.,"Canvas Marketing, Empathy, Public Speaking","Organizing street teams, distributing flyers, hosting town halls.",Operating with virtually zero advertising budget
Competitive Intelligence Analyst,Operations,Tech/Hardware,Large/Listed,"Secretly monitor competitor marketing spend, messaging, and roadmaps.","OSINT, SpyFu, Strategic Analysis","Mystery shopping competitors, reverse-engineering ad strategies, briefing leadership.",Separating actual competitor strategy from their PR fluff
Customer Advocacy Manager,Lifecycle Marketing,HealthTech,Mid,Turn satisfied patients and doctors into vocal brand evangelists.,"Relationship Building, Testimonial Capture, Community Building","Running customer advisory boards, writing success stories, rewarding advocates.",Healthcare compliance laws regarding patient testimonials
Channel Incentive Marketer,Sales,Telecommunications,Large/Listed,Design SPIFF programs and bonuses to motivate retail salespeople.,"Incentive Design, Budgeting, B2B Communication","Mailing reward gift cards, designing leaderboard contests, tracking store sales.",Salespeople gaming the incentive system for payouts
Marketing Compliance Analyst,Operations,Pharmaceuticals,Large/Listed,Ensure all marketing materials meet FDA regulations before publication.,"Legal Review, Extreme Attention to Detail, Medical Terminology","Reviewing ad copy for false claims, ensuring side-effect disclaimers are visible.",Slowing down the creative process with endless legal revisions
B2C Catalog Marketer,Performance,Retail,Mid,"Plan the layout, pagination, and product mix for physical seasonal catalogs.","Print Layout, Merchandising, Sales Forecasting","Deciding which products get the cover, analyzing square-inch profitability.",High production costs and difficulty tracking offline-to-online sales
International Localization Marketer,PR/Brand,Gaming,Large/Listed,Adapt game marketing campaigns for distinct global regions.,"Fluent Bi-lingual, Cultural Nuance, Transcreation","Rewriting slang for local markets, swapping out culturally irrelevant imagery.",Literal translations failing to capture the original emotional intent
Campus Ambassador Manager,Events,EdTech,Startup,Recruit and manage college students to promote the brand on university campuses.,"Gen Z Trends, Remote Management, Event Planning","Sending swag boxes, tracking ambassador referral codes, hosting weekly syncs.",High turnover rates as students graduate or lose interest
Micro-Influencer Specialist,Social Media,Food/Beverage,Small,Run high-volume campaigns with creators who have fewer than 10k followers.,"Mass Outreach, Spreadsheet Management, Product Seeding","Mailing hundreds of free snacks, tracking unboxing stories, calculating aggregate reach.",Managing the sheer volume of communications without automation
Push Notification Strategist,Lifecycle Marketing,Fitness/Wellness,Mid,Design behavioral prompts sent directly to mobile lock screens.,"Airship/OneSignal, Behavioral Psychology, A/B Testing","Writing highly constrained copy, triggering alerts based on app inactivity.",Users turning off system-level notification permissions
Gated Content Strategist,SEO/Content,Tech/B2B SaaS,Mid,Produce high-value whitepapers and reports designed specifically to harvest emails.,"B2B Research, Copywriting, Marketo","Designing landing pages, gating industry reports, passing leads to sales.",The industry shift toward ungated content reducing overall lead volume
Marketing Procurement Specialist,Operations,Automotive,Large/Listed,Negotiate contracts and fees with external ad agencies and media vendors.,"Financial Negotiation, RFP Management, Contract Law","Auditing agency hours, running pitches, lowering overhead costs.",Balancing cost-cutting with maintaining high-quality creative output
Global Expansion Lead,Growth Marketing,FinTech,Large/Listed,Scale the brand’s marketing presence into new international territories.,"Market Entry Strategy, Cultural Nuance, Localization, Budgeting","Managing regional agencies, adapting value props, tracking CAC by country.",Differing global financial regulations for marketing claims
Behavioral Marketer,Lifecycle Marketing,HealthTech,Mid,Use psychology and data to nudge users toward healthier habits in-app.,"Behavioral Economics, Psychology, Copywriting, Data Analysis","Designing push notification triggers, mapping habit loops, A/B testing copy.","Avoiding ""dark patterns"" that exploit vulnerable users"
Programmatic Audio Buyer,Performance,Media/Publishing,Small,Manage automated ad placements in podcasts and digital radio.,"DSPs, Audio Analytics, Media Buying, Attribution","Optimizing bid strategies for audio, testing host-read vs. produced spots.",Fragmented attribution models for audio conversions
ABM Content Strategist,SEO/Content,Tech/B2B SaaS,Mid,"Create bespoke, high-value content for a small list of ""Must-Win"" accounts.","Personalization, B2B Copywriting, Sales Alignment, Research","Writing custom whitepapers, creating 1-on-1 landing pages, interviewing sales reps.",High production time per individual lead
Referral Program Manager,Growth Marketing,Lifestyle/Apparel,Startup,Design and scale a viral word-of-mouth program for existing customers.,"Gamification, Viral Loops, Fraud Detection, Analytics","Designing incentive structures, tracking referral codes, preventing ""self-referral"" fraud.","Diminishing returns after the initial ""hype"" phase"
Ad Copy Psychologist,Performance,Agency,Mid,Apply deep psychological principles to improve ad click-through rates.,"Consumer Psychology, Neuro-marketing, Copywriting, Statistics","Auditing ad creative for emotional triggers, testing color/font psychology.",Scaling qualitative psychological insights across large accounts
Marketing Privacy Officer,Operations,Tech/SaaS,Large/Listed,Ensure all marketing data collection complies with shifting privacy laws.,"GDPR/CCPA Knowledge, Data Auditing, Legal Review, Privacy Tech","Auditing pixel tracking, managing cookie consent banners, clearing data silos.",Privacy laws slowing down retargeting and attribution efforts
Head of Brand Voice,PR/Brand,Beauty/Cosmetics,Large/Listed,Ensure the brand sounds identical across every single global touchpoint.,"Creative Writing, Brand Governance, Leadership, Linguistics","Writing brand bibles, training new copywriters, approving C-suite scripts.",Maintaining personality while scaling through ghostwriters
Influencer ROI Analyst,Social Media,Lifestyle/Apparel,Mid,Use data to prove which influencers actually drive revenue vs. just likes.,"Excel, Attribution Modeling, Social Listening, Data Visualization","Tracking promo code lift, analyzing follower authenticity, reporting to CFO.","Dealing with ""vanity metrics"" and fake follower counts"
Technical SEO Architect,SEO/Content,E-commerce,Large/Listed,Manage the search engine crawlability of sites with 1M+ product pages.,"JavaScript SEO, Log File Analysis, Schema, Site Architecture","Fixing canonical errors, optimizing internal linking, managing crawl budget.",Massive site size making changes slow to index
Retention Strategist,Lifecycle Marketing,Gaming,Startup,Keep players from churning by designing complex re-engagement flows.,"Churn Prediction, SQL, Braze/Iterable, Game Mechanics","Building ""Win-back"" email sequences, trigger-based rewards, analyzing drop-off.",Aggressive competition for user attention on mobile
Media Mix Modeler,Operations,FMCG,Large/Listed,"Use statistical modeling to determine the perfect spend across TV, Radio, and Web.","MMM, Statistics, Python/R, Data Modeling","Analyzing historical sales vs. ad spend, forecasting future ROI.","Difficulty accounting for ""offline"" external factors like weather"
Webinar Growth Manager,Performance,EdTech,Mid,Scale the attendance and conversion rates of weekly sales webinars.,"Lead Gen, Funnel Optimization, Copywriting, ON24","Writing registration emails, managing paid ads for signups, tracking show-rate.","High ""No-Show"" rates due to webinar fatigue"
Partnership Marketing Lead,PR/Brand,Travel/Hospitality,Mid,Coordinate co-branded marketing efforts with airlines and credit cards.,"Negotiation, B2B Marketing, Strategic Alignment, PR","Pitching joint giveaways, managing shared ad budgets, drafting MOUs.",Slow approval cycles from corporate partners
Paid Search Specialist,Performance,Travel,Small,Manage high-intent keyword bidding for hotel and flight bookings.,"Google Ads, Bid Management, Negative Keywords, Excel","Daily bid adjustments, keyword research, tracking ROAS.",Extremely high CPCs in the travel industry
Conversational Marketer,Social Media,Tech/SaaS,Mid,Design the branching logic for marketing chatbots to qualify leads.,"Logic Mapping, UX Writing, Drift/Intercom, Lead Scoring","Writing chatbot scripts, setting up routing rules, analyzing chat transcripts.",Bots feeling too robotic or failing on complex questions
Customer Evidence Manager,SEO/Content,Tech/B2B SaaS,Large/Listed,Source and produce high-quality customer case studies and testimonials.,"Interviewing, Storytelling, Video Production, Project Management","Sourcing happy clients, recording video testimonials, writing success stories.",Getting legal/PR approval from the customer’s side
Dynamic Creative Specialist,Performance,Retail,Mid,Automate ad visuals to change based on who is looking at them.,"DCO Tools, Graphic Design, Data Feeds, Feed Management","Setting up logic for dynamic ads, managing product feeds, testing visuals.",Technical glitches showing wrong products to users
Brand Awareness Lead,PR/Brand,Automotive,Large/Listed,"Focus purely on ""Top of Funnel"" metrics and general market sentiment.","Brand Tracking, Survey Design, PR, Creative Strategy","Measuring brand lift, running sentiment surveys, managing TV buys.","Difficulty proving direct sales from ""awareness"" spend"
Lead Magnet Strategist,SEO/Content,FinTech,Startup,Create high-value tools (calculators/reports) to capture email leads.,"Content Strategy, Interactive Design, Copywriting, Lead Gen","Brainstorming gated tools, writing whitepapers, optimizing signup forms.","High volume of ""junk"" emails just looking for freebies"
MarTech Stack Architect,Operations,Tech/SaaS,Mid,Manage the 20+ software tools used by the marketing team.,"API Integration, Marketo/Salesforce, Troubleshooting, Strategy","Integrating tools, managing software costs, training the team on tech.",Broken data syncs between clashing software tools
Community Growth Lead,Social Media,Web3/Crypto,Startup,Grow and moderate a passionate community on Discord and X.,"Discord Management, Meme Culture, Crisis Comms, Empathy","Hosting AMAs, managing moderators, identifying ""whale"" users.",Handling toxic sentiment during market downturns
Product Launch Lead,Product,Consumer Tech,Large/Listed,"Coordinate the marketing ""Big Bang"" for new hardware releases.","Project Management, Cross-functional Leadership, GTM Strategy","Aligning PR, Social, and Sales for launch day, tracking initial sales.",Manufacturing delays ruining marketing timelines
Subscription Marketer,Lifecycle Marketing,Media/Publishing,Mid,Focus entirely on converting free readers into paid subscribers.,"Paywall Optimization, A/B Testing, Direct Response Copy, Analytics","Testing price points, designing paywall popups, writing upgrade emails.","High ""subscriber fatigue"" and easy cancellations"
Shopper Insight Analyst,PR/Brand,FMCG,Large/Listed,Study how people move through physical grocery stores to optimize ads.,"Consumer Research, Data Synthesis, Ethnography, Retail Strategy","Running focus groups, analyzing eye-tracking data, advising on shelf design.",Disconnect between what shoppers say vs. what they actually do
Paid Social Strategist,Performance,Fashion,Startup,Scale Meta and TikTok ad spend for a rapidly growing clothing brand.,"Ads Manager, Creative Briefing, Video Editing, Trend Spotting","Managing 5-figure daily budgets, testing hooks, analyzing creative fatigue.",Rising CPMs and attribution loss from iOS updates
Direct Response Copywriter,Performance,Agency,Small,"Write ads designed to get an immediate, measurable sale or click.","Persuasive Writing, Psychology, Sales, A/B Testing","Writing ""Long-form"" sales pages, ad headlines, and email hooks.","Balancing ""Hype"" with legal compliance and brand safety"
Marketing Ops Data Cleanse,Operations,Real Estate,Mid,Ensure the marketing database isn't full of duplicates and old leads.,"Data Hygiene, Excel/SQL, CRM Management, Attention to Detail","Purging dead leads, standardizing phone formats, merging duplicates.","Manual data entry by sales reps causing ""Dirty Data"""
YouTube Channel Manager,Social Media,EdTech,Startup,Build an organic audience through educational video content.,"YouTube SEO, Thumbnail Design, Retention Analysis, VidIQ","Writing scripts, managing upload schedules, engaging in comments.",Long timelines before seeing organic search traction
Field Marketing Coordinator,Performance,Tech/B2B SaaS,Mid,Support regional sales reps with local events and targeted mailers.,"Event Planning, Budgeting, Sales Alignment, Logistics","Booking local venues, shipping swag, tracking local lead conversion.",Low attendance at regional events in small markets
Attribution Modeling Lead,Operations,E-commerce,Large/Listed,Determine exactly which ad channel gets credit for a purchase.,"Multi-touch Attribution, Statistics, GA4, Data Science","Building custom attribution models, testing ""Incrementality,"" reporting.","The ""Walled Garden"" of ad platforms hiding data from each other"
SEO Editor,SEO/Content,Media/Publishing,Large/Listed,Manage a team of writers to ensure all news is optimized for Google News.,"Editorial Management, SEO, Keyword Research, Fast Writing","Assigning topics, optimizing headlines for ""Discover,"" tracking rankings.",Fast-paced news cycles making keyword research obsolete quickly
App Growth Manager,Lifecycle Marketing,Fitness/Wellness,Mid,Drive app installs and improve the Day 1 retention rate.,"ASO, Mobile Analytics, Onboarding UX, Push Strategy","Optimizing App Store listings, designing the first-run experience.","High ""Uninstall"" rates within the first 5 minutes"
Crisis Comms Manager,PR/Brand,Airlines,Large/Listed,Manage the brand's reputation during accidents or public scandals.,"Crisis Management, PR, Fast Writing, Media Relations","Drafting holding statements, monitoring social media, briefing the CEO.",Having to respond accurately within minutes of an incident
Loyalty Program Analyst,Lifecycle Marketing,Travel/Hospitality,Mid,Analyze the financial health of the brand's points/rewards system.,"Financial Modeling, CRM, Data Analysis, Loyalty Strategy","Tracking point redemption rates, forecasting liability, segmenting tiers.",Customers hoarding points instead of spending them
Creative Strategist,Performance,Agency,Mid,Bridge the gap between the data-heavy media buyers and the artists.,"Data Analysis, Brief Writing, Creative Direction, Advertising","Analyzing which ad visuals are winning, briefing designers on new hooks.","Creatives feeling ""boxed in"" by too much data"
B2B Lead Gen Specialist,Performance,Tech/Cloud,Small,Focus purely on getting demos for the enterprise sales team.,"LinkedIn Ads, Cold Email, Lead Scoring, HubSpot","Running gated content ads, scraping lead lists, warming up prospects.",High volume of leads that aren't actually ready to buy
SMS Strategist,Lifecycle Marketing,D2C E-commerce,Startup,Manage the high-conversion channel of text message marketing.,"SMS Compliance, Copywriting, Segmentation, Attentive","Writing ""Flash Sale"" texts, managing opt-outs, testing send times.","The risk of being seen as ""annoying"" and getting blocked"
Podcast Producer,SEO/Content,Tech/SaaS,Mid,Produce a weekly branded podcast to position the company as an expert.,"Audio Editing, Interviewing, Storytelling, Promotion","Booking guests, editing episodes, creating ""Show Notes"" for SEO.",Difficulty standing out in a crowded podcast market
Marketplace Ads Manager,Performance,Retail,Mid,"Manage ad spend specifically on Amazon, eBay, and Walmart.","Amazon Advertising, Excel, Bidding, Inventory Management","Optimizing Sponsored Products, managing bids, tracking ACOS.",High fees and platform changes from Amazon/Walmart
Employer Branding Lead,PR/Brand,FinTech,Large/Listed,"Market the company as a ""Great Place to Work"" to attract talent.","Recruitment Marketing, PR, Storytelling, Social Media","Managing Glassdoor/LinkedIn, creating employee videos, career site SEO.",Authenticity issues if company culture doesn't match the ads
Viral Content Strategist,Social Media,Entertainment,Startup,Create content designed specifically to be shared and go viral.,"Trend Spotting, Video Editing, Humor, Psychology","Finding trending audio, designing challenges, seeding content on Reddit.","Virality being impossible to ""guarantee"" to stakeholders"
Email Deliverability Expert,Operations,Agency,Mid,Ensure client emails actually hit the inbox and not the spam folder.,"Technical Email Setup (DKIM/SPF), ESPs, ISP Relations","Warm-up of new domains, monitoring blacklists, fixing HTML errors.",Rapidly changing spam filters from Gmail and Outlook
GTM (Go-to-Market) lead,PR/Brand,Consumer IoT,Mid,Coordinate the entire marketing strategy for a new product category.,"Strategic Planning, Cross-functional Comms, Budgeting, GTM","Defining the buyer persona, setting the launch date, aligning channels.","Missing the ""market window"" due to production delays"
User Research Specialist,SEO/Content,Tech/SaaS,Mid,Conduct interviews to understand exactly why customers buy the product.,"Qualitative Research, Empathy, Interviewing, Synthesis","Running focus groups, recording user sessions, writing ""Jobs to be Done"".","Stakeholders ignoring research in favor of ""gut feeling"""
Pinterest Strategy Lead,Performance,Home/Decor,Small,Drive long-tail traffic and sales through Pinterest.,"Visual Branding, Pinterest SEO, Ad Management, Aesthetics","Designing ""Pins"", managing Promoted Pin budgets, tracking long-term ROI.","Pinterest's very long conversion window (months, not days)"
Competitive Analyst,Operations,Automotive,Large/Listed,Track exactly what competitors are doing with their marketing.,"Intelligence Gathering, Strategic Analysis, Presentation","Secretly auditing competitor ads, buying their products, briefing VPs.",Keeping up with the speed of digital marketing changes
Multi-channel Campaign PM,PR/Brand,FMCG,Mid,"Coordinate one big campaign across TV, Social, Email, and Print.","Project Management, Leadership, Integrated Marketing","Managing agency timelines, ensuring visual consistency, tracking total lift.",Channel owners fighting over budget and credit
CRO (Conversion) Designer,Performance,Tech/SaaS,Startup,Design landing pages specifically to increase signup percentages.,"UI Design, Psychology, A/B Testing, Figma","Designing high-contrast buttons, simplifying forms, removing distractions.","Balancing ""Ugly but high-converting"" vs. ""Brand-safe and pretty"""
Localization Marketer,PR/Brand,Gaming,Large/Listed,Adapt marketing slang and visuals for the Japanese or Brazilian markets.,"Bi-lingual, Cultural Competence, Transcreation, Marketing","Rewriting taglines, swapping culturally insensitive imagery, local SEO.","Literal translations losing the emotional ""punch"" of the original"
Marketing Coordinator,General,Tech/SaaS,Startup,Support the daily operations of the marketing team.,"Google Workspace, Organization, Basic Writing","Scheduling meetings, updating project trackers, ordering swag.",Managing requests from multiple different managers
Junior SEO Associate,SEO/Content,Agency,Mid,Assist with basic keyword research and on-page updates.,"Google Search Console, Keyword Research, Excel","Writing meta descriptions, checking for broken links, basic auditing.",Repetitive data entry and strict character limits
Social Media Assistant,Social Media,Lifestyle/Apparel,Small,Help manage the brand's daily presence on Instagram and TikTok.,"Canva, CapCut, Trendy Audio, Writing","Scheduling posts, replying to comments, sourcing user photos.","High volume of engagement and 24/7 ""always on"" feel"
Paid Ads Coordinator,Performance,E-commerce,Mid,Help set up and monitor basic ad campaigns on Meta and Google.,"Facebook Ads Manager, Basic Math, Attention to Detail","Uploading ad images, checking for typos, tracking daily spend.",Small mistakes in budget settings can be very costly
Email Marketing Assistant,Lifecycle Marketing,Retail,Mid,Assist in building and sending weekly newsletters to customers.,"Mailchimp, Basic HTML, Copywriting, Quality Assurance","Testing links in emails, segmenting small lists, basic reporting.","High pressure to ensure 100% accuracy before hitting ""Send"""
Content Writing Intern,SEO/Content,EdTech,Startup,Draft blog posts and social media captions under supervision.,"Grammar, Research, WordPress, Creative Writing","Writing 2-3 short blogs a week, proofreading, finding stock images.",Frequent revisions and feedback from senior editors
Marketing Analytics Assistant,Operations,FinTech,Large/Listed,Pull daily data reports and clean up marketing spreadsheets.,"Excel (VLOOKUPs), Data Entry, Attention to Detail","Exporting data from tools, merging sheets, identifying anomalies.","Very dry, repetitive work with zero room for error"
PR Assistant,PR/Brand,Beauty/Cosmetics,Small,Support the PR team with media lists and product seeding.,"Research, Networking, Writing, Professionalism","Mailing packages to influencers, tracking media mentions, updating lists.","Handling ""No"" or being ignored by journalists and creators"
Junior Brand Associate,PR/Brand,FMCG,Large/Listed,Assist in maintaining brand consistency across all company assets.,"Presentation Skills, Brand Guidelines, Communication","Organizing the ""Brand Folder,"" checking logos on ads, assisting at shoots.",Very strict rules on how things must look (low creativity)
Events Assistant,Events,Tech/B2B SaaS,Mid,Help with the logistics of planning trade shows and webinars.,"Logistics, Communication, Troubleshooting, Planning","Ordering catering, managing RSVPs, packing event boxes for shipping.",Physical exhaustion and long hours during event days
Affiliate Coordinator,Performance,Travel,Startup,Help find and onboard new small-scale travel affiliates.,"Outreach, CRM basics, Research, Persuasion","Cold emailing bloggers, tracking affiliate links, answering basic questions.",Constant rejection from high-volume outreach
Community Assistant,Social Media,Gaming,Mid,Moderate Discord channels and help manage player feedback.,"Discord, Empathy, Gaming Culture, Fast Typing","Welcoming new members, flagging toxic behavior, hosting small trivia.","Dealing with ""Trolls"" and negative community sentiment"
Junior Copywriter,SEO/Content,Agency,Small,Write headlines and short-form copy for various client ads.,"Creative Writing, Punctuality, Brainstorming, Adaptability","Drafting ad hooks, writing 50+ headlines at a time, taking feedback.",Creative block and tight turnaround times
Marketing Intern (General),General,Non-Profit,Small,Help a small team with a variety of basic marketing tasks.,"Adaptability, Canva, Basic Writing, Social Media",Helping with everything from flyers to social posts to email.,"Low budget and ""wearing many hats"" at once"
Lead Gen Coordinator,Sales,Tech/Cloud,Mid,Find contact information for potential business clients.,"LinkedIn, ZoomInfo, Data Entry, Research","Searching for emails, updating the sales CRM, cleaning lead lists.","Highly repetitive and ""mechanical"" nature of the work"
CRM Assistant,Lifecycle Marketing,HealthTech,Mid,Assist in updating customer records and basic email automation.,"HubSpot, Organization, Attention to Detail, Basic Logic","Cleaning up old contacts, setting up ""Welcome"" emails, tracking opens.",Managing messy and disorganized customer data
Junior Product Marketer,Product,Consumer Tech,Startup,Assist in creating materials for new product launches.,"Storytelling, Slide Design, Research, Collaboration","Writing one-pagers, researching competitors, helping with demo videos.",Fast-paced environment with constantly changing product details
Influencer Outreach Associate,Social Media,Fashion,Small,Find and message micro-influencers for partnership opportunities.,"Instagram/TikTok fluency, Outreach, Writing, Organization","Sending 50+ DMs a day, tracking responses, managing product shipments.",Managing hundreds of conversations at once
Digital Marketing Assistant,Performance,Real Estate,Small,Assist with a mix of basic digital ads and social media updates.,"Google Ads basics, Facebook, Canva, Analytics","Updating ad copy, posting to Facebook, checking website traffic.",Unpredictable daily tasks and small budgets
Marketing Ops Associate,Operations,FinTech,Large/Listed,Help maintain the marketing software and data flows.,"Troubleshooting, Logic, Documentation, Patience","Creating ""How-to"" guides for tools, resetting passwords, checking syncs.",Explaining technical tools to non-technical coworkers
Junior Graphic Designer,Design,Agency,Mid,Create basic social media graphics and presentation slides.,"Photoshop, Illustrator, Figma, Design Principles","Resizing images, updating text on existing ads, building pitch decks.",Managing multiple clashing client revision requests
Growth Associate,Performance,Tech/SaaS,Startup,Assist the growth team with A/B testing and funnel analysis.,"Basic Math, Curiosity, Excel, Google Analytics","Running small tests on landing pages, tracking conversion rates.","Many tests will fail, which can be discouraging"
Customer Success Associate,Sales,Tech/B2B SaaS,Mid,Help new customers get started with the software product.,"Empathy, Communication, Problem Solving, Teaching","Hosting onboarding calls, answering ""How-to"" emails, recording feedback.",Explaining the same thing over and over to different users
Junior Web Coordinator,Operations,E-commerce,Mid,Help update product descriptions and images on the website.,"Shopify/WooCommerce, Basic HTML, Attention to Detail, SEO","Uploading photos, writing product blurbs, checking for site errors.",Tight deadlines for seasonal product drops
PR Intern,PR/Brand,Lifestyle/Apparel,Startup,Help the PR manager with samples and press clippings.,"Organization, Research, Fashion interest, Writing","Scanning the web for brand mentions, organizing sample closets.","Low-level ""grunt work"" like packing and unpacking boxes"
Social Media Moderator,Social Media,Entertainment,Large/Listed,Monitor and filter comments on high-traffic brand accounts.,"Conflict Resolution, Speed, Policy Knowledge, Calmness","Deleting spam, answering basic FAQs, flagging serious issues.",Exposure to internet negativity and high-speed workflows
Market Research Assistant,PR/Brand,FMCG,Mid,Help gather data for consumer surveys and focus groups.,"Research, Data Entry, Curiosity, Interviewing","Transcribing focus group notes, cleaning survey data, finding participants.",Long hours of listening to audio and typing notes
Junior Email Coordinator,Lifecycle Marketing,Travel/Hospitality,Mid,Help build and test the technical side of email campaigns.,"HTML, Litmus, ESP basics, Quality Assurance","Checking that emails look good on mobile, fixing broken links.",Repetitive technical testing for every single send
Content Marketing Associate,SEO/Content,FinTech,Startup,Coordinate the distribution of blog posts and newsletters.,"WordPress, Social Media, Organization, Writing","Uploading blogs, sharing on LinkedIn, tracking post performance.",Managing multiple deadlines across different platforms
Field Marketing Assistant,Events,Automotive,Mid,Support the local team with regional car shows and events.,"Outgoing personality, Logistics, Travel, Communication","Handing out flyers, setting up booths, capturing lead info at events.",Lots of physical work and weekend travel
App Store Assistant,Performance,Gaming,Startup,Help update screenshots and descriptions for mobile apps.,"Mobile Trends, Writing, ASO basics, Research","Checking competitor app stores, updating release notes, basic testing.",Navigating the complicated Apple and Google consoles
Sales Development Rep (SDR),Sales,Tech/SaaS,Startup,Make cold calls and send emails to set up meetings for senior sales.,"Resilience, Communication, CRM, Persuasion","Making 50+ calls a day, handling objections, qualifying leads.",Very high rejection rate and constant quota pressure
Junior SEO Content Writer,SEO/Content,HealthTech,Mid,"Write simple, health-focused articles optimized for search.","Writing, SEO basics, Research, Medical Accuracy","Drafting ""How-to"" guides, finding keywords, updating old articles.",Balancing SEO rules with strict medical accuracy
Influencer Coordinator,Social Media,Beauty/Cosmetics,Startup,Manage the day-to-day communication with brand partners.,"Relationship Management, Organization, Writing, Social Media","Answering influencer questions, tracking post dates, sending swag.",Dealing with influencers who miss their deadlines
Marketing Admin,General,Manufacturing,Small,Provide administrative support for the marketing department.,"Excel, Scheduling, Phone etiquette, Organization","Answering phones, managing the marketing calendar, filing invoices.","Not very ""creative"" compared to other marketing roles"
Junior Media Buyer,Performance,Agency,Mid,Assist in purchasing and monitoring ad space on various websites.,"Math, Negotiation, Research, Excel","Pulling media kits, comparing ad prices, monitoring campaign delivery.",Managing large budgets that aren't yours
Social Media Intern,Social Media,Non-Profit,Small,Assist with creating and posting content for a charitable cause.,"Creativity, Canva, Passion, Basic Writing","Taking photos at events, drafting captions, engaging with followers.",Operating with zero budget for ads or tools
Junior Account Coordinator,PR/Brand,Agency,Mid,Support account managers in communicating with various clients.,"Communication, Organization, Multi-tasking, Professionalism","Taking notes during client calls, sending weekly updates, tracking tasks.","Being the ""middle person"" between clients and creatives"
Lifecycle Marketing Associate,Lifecycle Marketing,E-commerce,Startup,Support the team in building basic customer retention flows.,"Logic, Empathy, Writing, Basic Data Analysis","Setting up ""Birthday"" emails, tracking coupon usage, basic reporting.",Learning complex automation software quickly
Junior Performance Analyst,Performance,FinTech,Mid,Help track the ROI of various paid marketing channels.,"Excel, Basic Statistics, Data Visualization, Logic","Pulling ad data into reports, checking for overspending, basic analysis.",Spending all day looking at rows and columns of numbers
E-commerce Coordinator,Operations,Retail,Small,Assist in managing the day-to-day operations of an online store.,"Shopify, Inventory Management, Customer Service, Basic Photo Editing","Updating stock levels, managing discount codes, answering order emails.",Dealing with website glitches and customer complaints
Junior Event Marketer,Events,Gaming,Mid,Support the team in planning gaming tournaments and booths.,"Organization, Creativity, Gaming Knowledge, Logistics","Helping with booth setup, managing prize distribution, tracking signups.",Very high-pressure environments with tight schedules
Digital Associate,General,PR Agency,Mid,Provide general support for digital and social media accounts.,"Flexibility, Writing, Basic Design, Research","Posting updates for clients, researching trends, basic monthly reporting.",Switching between very different clients and industries
Junior Copy Editor,SEO/Content,Media/Publishing,Large/Listed,"Proofread and edit articles for grammar, style, and SEO.","Grammar, Attention to Detail, AP Style, Speed","Checking every blog post for typos, ensuring links work, fixing headers.",High volume of reading and strict deadlines
Brand Marketing Intern,PR/Brand,FMCG,Mid,Support the brand team with research and campaign planning.,"Curiosity, Research, Presentation Skills, Basic Design","Analyzing competitor ads, brainstorming ideas, helping with decks.",Ideas often being rejected by senior managers
Junior Marketing Analyst,Operations,Tech/SaaS,Large/Listed,Help clean and organize data from multiple marketing sources.,"SQL basics, Excel, Logic, Persistence","Merging data from Google and Meta, checking for errors, basic reporting.",Finding and fixing small errors in massive datasets
Social Media Intern (Video),Social Media,Lifestyle/Apparel,Startup,Focus specifically on shooting and editing TikToks and Reels.,"CapCut, Video, Trendy Audio, Creativity","Filming ""Behind the Scenes,"" editing quick clips, appearing on camera.","Always needing to be ""Camera Ready"" and trendy"
Junior Outreach Specialist,SEO/Content,Tech/SaaS,Mid,Help build relationships for guest posting and backlink building.,"Communication, Research, Perseverance, Writing","Emailing editors, tracking responses, finding new websites for links.","Dealing with low reply rates and ""spam"" labels"
Marketing Operations Intern,Operations,FinTech,Startup,Assist in managing the basic tools and lead routing for the team.,"Organization, Logic, Tech-savviness, Problem Solving","Helping with tool integrations, documenting workflows, basic troubleshooting.","Working behind the scenes with little public ""creative"" output"
Junior Lifecycle Marketer,Lifecycle Marketing,Beauty/Cosmetics,Startup,Help build the early stages of a customer loyalty and email program.,"Empathy, Logic, Writing, Basic Design","Designing ""Welcome"" sequences, testing subject lines, tracking rewards.",Trying to build a program from scratch with few tools