Category,Industry & Size,Generic (Bad) Resume Line,XYZ Optimized (Good) Resume Line
Sales,Tech/B2B SaaS (Startup),"Prospecting, conducting demos, closing contracts, and hitting monthly quotas.",Exceeded monthly quotas by 115% (X/Y) by executing targeted outbound prospecting and streamlining discovery demos to overcome long SaaS sales cycles (Z). 
Sales,Beauty/Cosmetics (Mid),"Onboarding new clients, securing shelf space, and managing renewals.",Reduced client churn by 12% in a highly competitive cosmetics retail space (X/Y) by proactively managing renewals and negotiating premium shelf space (Z). 
Sales,EdTech (Small),"Mapping out territories, pitching to principals, and negotiating contracts.",Secured 5 new institutional partnerships in 6 months (X/Y) by navigating long educational approval processes through highly targeted pitches to school principals (Z). 
Product Marketing,Tech/SaaS (Large/Listed),"Creating battlecards, training sales, and defining buyer personas.",Accelerated enterprise sales win-rates by 14% (X/Y) by aligning sales battlecards and buyer personas perfectly with shifting product launch timelines (Z). 
Product Marketing,FinTech (Startup),"Writing one-pagers, tracking competitor feature drops, and assisting launches.",Supported 3 major product launches under strict startup budget constraints (X/Y) by producing high-converting collateral and tracking rapid competitor feature drops (Z). 
Product Marketing,Tech/Cloud (Mid),"Creating technical documentation, hosting webinars, and writing dev blogs.",Increased developer tool adoption by 25% (X/Y) by hosting technical webinars that successfully translated deep cloud tech into digestible business value (Z). 
Product Marketing,Beauty/Cosmetics (Small),"Coordinating photoshoots, managing influencer seeding, and tracking brand lift.",Lifted brand awareness metrics by 18% in a saturated market (X/Y) by coordinating high-quality photoshoots and executing targeted micro-influencer seeding (Z). 
Social Media,Lifestyle/Apparel (Mid),"Creating content calendars, directing shoots, and community management.",Maintained a 5% average engagement rate despite major algorithm shifts (X/Y) by directing agile video shoots and strictly aligning the content calendar with trends (Z). 
Social Media,Beauty/Cosmetics (Startup),"Scripting reels, appearing on camera, and engaging with comments.",Grew TikTok following by 10k users over 3 months (X/Y) by mitigating creative burnout through batch-scripting reels and leveraging daily audio trends (Z). 
Social Media,Tech/Gaming (Large/Listed),"Hosting AMAs, moderating forums, and gathering user feedback.",Improved community sentiment scores by 30% during intense player backlash (X/Y) by hosting transparent AMAs and systematically moderating toxic forum behavior (Z). 
Social Media,FMCG (Large/Listed),Creating weekly KPI reports and tracking competitor engagement rates.,Proved a 15% correlation between social reach and retail sales (X/Y) by building weekly KPI dashboards and tracking competitor engagement against revenue data (Z). 
Performance Marketing,EdTech (Mid),"Setting up ad sets, testing creatives, and monitoring CPA and ROAS.",Scaled monthly ad spend by 40% while maintaining a 3.0 ROAS (X/Y) by rigorously A/B testing creatives to counteract rising ad costs and strict CPA limits (Z). 
SEO/Content,Tech/SaaS (Startup),"Conducting site audits, planning content clusters, and building backlinks.",Outranked high domain authority competitors for 15 core commercial keywords (X/Y) by executing technical audits and building targeted content clusters with strategic backlinks (Z). 
SEO/Content,Lifestyle/Travel (Small),"Drafting 3 articles a week, interviewing experts, and updating old content.",Grew organic blog traffic by 25% within six months (X/Y) by overcoming strict SEO keyword constraints to publish 3 expertly-sourced articles per week (Z). 
SEO/Content,Beauty/Cosmetics (Mid),"Drafting ad hooks, writing product descriptions, and crafting email subject lines.",Increased ad click-through rates by 22% (X/Y) by drafting persuasive ad hooks and product descriptions that strictly adhered to legal compliance standards (Z). 
SEO/Content,FinTech (Large/Listed),Writing briefs and supporting the content head with managing influencer campaigns.,Scaled high-quality content production by 30% (X/Y) by standardizing editorial briefs and streamlining communication for large-scale influencer campaigns (Z). 
Lifecycle/CRM,Lifestyle/Apparel (Mid),"Designing email templates, A/B testing subject lines, and tracking open rates.",Boosted average open rates to 28% without triggering spam filters (X/Y) by designing responsive templates and continuously A/B testing subject lines to prevent list fatigue (Z). 
Lifecycle/CRM,Tech/SaaS (Large/Listed),"Building onboarding workflows, setting up lead scoring, and monitoring LTV.",Reduced initial customer churn by 18% (X/Y) by mapping the lifecycle and building automated workflows across complex sales and marketing data integrations (Z). 
Performance Marketing,FinTech (Startup),"Designing landing page tests, launching viral loops, and tracking funnels.",Decreased customer acquisition cost (CAC) by 15% on a limited budget (X/Y) by launching scalable viral loops and continuously A/B testing landing page funnels (Z). 
Events,Tech/B2B SaaS (Mid),"Booking booths, designing swag, managing event staff, and tracking event ROI.",Generated 200+ qualified leads per event while reducing logistical costs by 10% (X/Y) by optimizing booth placement and aggressively tracking on-site event ROI (Z). 
Sales,Beauty/Cosmetics (Startup),"Pitching collaboration ideas, drafting MOUs, and executing joint giveaways.",Secured 3 major brand partnerships in Q2 (X/Y) by successfully aligning partner brand values and drafting MOUs to execute high-reach joint giveaways (Z). 
Performance Marketing,Lifestyle/Apparel (Small),"Updating product listings, managing discount codes, and analyzing site traffic.",Recovered 12% of abandoned carts monthly (X/Y) by optimizing product listings and deploying targeted discount codes during periods of website downtime (Z). 
Social Media,EdTech (Mid),"Storyboarding, recording lectures, and optimizing titles and tags.",Increased average viewer retention by 40% (X/Y) by storyboarding concise lecture content and optimizing video tags despite long production time constraints (Z). 
SEO/Content,Large/Listed,"Pitching stories to journalists, monitoring brand mentions, and handling crises.","Secured 5 top-tier media placements in a noisy news cycle (X/Y) by proactively monitoring brand mentions and pitching targeted, data-driven stories to journalists (Z). "
Performance Marketing,Mid,Running multi-channel campaigns and aligning with sales on MQL definitions.,Increased sales pipeline value by $1.2M (X/Y) by running targeted multi-channel campaigns that strictly prioritized lead quality over pure lead quantity (Z). 
Lifecycle/CRM,Tech/SaaS (Mid),"Sourcing testimonials, running user groups, and creating referral programs.",Gathered 15 new enterprise case studies in 6 months (X/Y) by creating frictionless referral programs that incentivized busy customers to commit their time (Z). 
SEO/Content,Beauty/Cosmetics (Small),"Writing meta descriptions, optimizing images, and fixing broken links.",Improved site-wide organic traffic by 18% (X/Y) by systematically fixing broken links and optimizing metadata to navigate rigid e-commerce platform limitations (Z). 
Sales,Tech/SaaS (Startup),"Sending 100+ emails daily, cold calling, and qualifying prospects.","Maintained a 5% meeting booked rate despite industry-wide low reply rates (X/Y) by executing resilient, personalized cold outreach and sending 100+ daily emails (Z). "
Product Marketing,FMCG (Large/Listed),"Designing end-caps, coordinating sampling events, and tracking in-store sales.",Increased in-store promotional sales by 20% (X/Y) by designing compliant end-caps and coordinating sampling events that strictly followed brand guidelines (Z). 
Social Media,Lifestyle/Apparel (Mid),"Sourcing creators, sending PR packages, and reviewing sponsored content.",Drove $50k in direct trackable revenue from influencer posts (X/Y) by meticulously sourcing niche creators and tying PR packages to unique promo codes (Z). 
Performance Marketing,FinTech (Mid),"Recruiting affiliates, managing payouts, and monitoring for spam traffic.",Grew affiliate revenue by 35% while maintaining brand safety (X/Y) by actively recruiting high-quality partners and aggressively monitoring traffic for affiliate fraud (Z). 
Performance Marketing,Tech (Large/Listed),"Ensuring leads sync to Salesforce, managing database health, and building reports.",Improved lead routing speed by 40% (X/Y) by auditing messy legacy data and fixing broken API integrations to ensure seamless syncing to Salesforce (Z). +3
Performance Marketing,Tech/SaaS (Startup),"Running A/B tests on buttons, simplifying forms, and analyzing user recordings.",Boosted form completion rates by 15% (X/Y) by analyzing user recordings to simplify checkouts and prioritizing A/B tests to reach statistical significance faster (Z). 
SEO/Content,All Domains (Large/Listed),"Writing company newsletters, organizing town halls, and managing employee feedback.",Maintained a 90% employee satisfaction score during major company changes (X/Y) by organizing transparent town halls and writing empathetic company newsletters (Z). 
Events,Tech/B2B SaaS (Startup),"Hosting regional dinners, attending local trade shows, and running targeted local ads.",Scaled field marketing efforts across 4 new regions simultaneously (X/Y) by running targeted local ads and hosting highly-qualified regional sales dinners (Z). 
Product Marketing,FMCG (Large/Listed),"Running launch meetings, tracking deliverables across packaging, marketing, and sales.",Delivered 100% of marketing assets on time for a major product release (X/Y) by rigorously tracking deliverables to mitigate the impact of manufacturing delays (Z). 
Social Media,Beauty/Cosmetics (Mid),"Reviewing ad creatives, directing photoshoots, and mentoring designers.",Improved paid ad CTR by 25% (X/Y) by mentoring the design team to balance aesthetic creative vision with hard performance marketing metrics (Z). 
Social Media,Lifestyle/Apparel (Small),"Designing Instagram carousels, web banners, and email headers.","Delivered 50+ visual assets per month under tight turnaround times (X/Y) by streamlining the revision process for Instagram carousels, banners, and emails (Z). "
Performance Marketing,Tech/Gaming (Startup),"Optimizing app store listings, running CPI campaigns, and tracking post-install events.",Lowered Cost Per Install (CPI) by 12% despite Apple's ATT privacy changes (X/Y) by optimizing app store listings and pivoting tracking strategies for post-install events (Z). 
Events,Beauty/Cosmetics (Small),"Scouting locations, ordering catering, and managing guest lists.",Successfully executed 12 physical events with a 95% attendance rate (X/Y) by implementing rigorous guest list management and contingency plans for unpredictable weather (Z). 
Performance,Lifestyle/Apparel (Mid),"Recruiting new affiliates, structuring commission tiers, and tracking traffic.",Eliminated 100% of coupon site spam from the program (X/Y) by restructuring commission tiers and rigorously tracking traffic to resolve attribution issues (Z). 
SEO/Content,FinTech (Mid),"Managing freelancers, approving briefs, and measuring content ROI.",Scaled high-quality content production to 20 articles per month (X/Y) by building a reliable freelancer network and standardizing the brief approval process (Z). 
Lifecycle Marketing,Lifestyle/Apparel (Startup),"Analyzing NPS scores, revamping unboxing experiences, and coaching support.",Lifted overall NPS scores by 8 points (X/Y) by translating qualitative user feedback into actionable changes that revamped the unboxing experience (Z). 
Social Media,Beauty/Cosmetics (Small),"Researching trending audio, briefing creators, and analyzing video retention.",Achieved 1M+ organic views across 5 campaigns (X/Y) by proactively researching trending audio to bypass unpredictable algorithm shifts that bury content (Z). 
Performance,EdTech (Startup),"Allocating ad spend, reviewing campaign performance, and managing agencies.",Scaled student enrollments by 15% during traditional off-season months (X/Y) by aggressively re-allocating ad spend and closely managing agency performance (Z). 
Sales,Tech/Hardware (Large/Listed),Designing point-of-sale displays and organizing co-op advertising funds.,Achieved 100% brand guideline compliance across 50+ retail partner locations (X/Y) by designing standardized point-of-sale displays and managing co-op ad funds (Z). 
SEO/Content,Lifestyle/App (Startup),"Updating app store screenshots, writing release notes, and analyzing keyword ranking.",Improved App Store ranking by 15 positions (X/Y) by rapidly updating screenshots and keywords in response to sudden Apple and Google algorithm updates (Z). 
Sales,Agency (Startup),"Creating gated ebooks, running LinkedIn lead gen ads, and scraping contact lists.",Captured 500+ top-of-funnel email leads monthly (X/Y) by designing high-value gated ebooks that successfully bypassed modern ad-blockers and spam filters (Z). 
Lifecycle Marketing,D2C E-commerce (Startup),"Writing text campaigns, segmenting lists, and tracking ROI.",Increased SMS repeat purchase rates by 22% (X/Y) by highly segmenting lists and tracking ROI while strictly navigating complex legal opt-in requirements (Z). 
Performance,Agency (Mid),"Managing programmatic budgets, analyzing bid landscapes, and optimizing CPMs.",Reduced overall CPMs by 18% (X/Y) by analyzing complex bid landscapes and actively optimizing programmatic budgets to avoid ad fraud and supply-path opacity (Z). 
PR/Brand,FMCG (Large/Listed),Planned and bought physical billboard and transit advertising.,Increased offline foot traffic by 14% (X/Y) by overlaying spatial data to optimize out-of-home (OOH) billboard placements and bypassing tracking limitations (Z).
Performance,Media/Publishing (Startup),Bought host-read ad spots on podcasts and tracked promo codes.,Achieved a 4x ROAS on audio campaigns (X/Y) by sourcing niche podcasts and standardizing promo code tracking to overcome fragmented audio attribution (Z).
Lifecycle/CRM,HealthTech (Small),Sent win-back campaigns and analyzed drop-off points.,Lifted patient retention rates by 18% (X/Y) by designing empathetic milestone-based automated emails that combated preventative healthcare fatigue (Z).
Events,Tech/SaaS (Mid),Ran live digital events and moderated Q&A sessions.,"Scaled webinar attendance by 35% (X/Y) by designing interactive, concise workshop formats that successfully countered industry-wide webinar fatigue (Z)."
Sales,Tech/Cloud (Large/Listed),Created pitch decks for partners and hosted training sessions.,Grew partner-driven channel revenue by $2.5M (X/Y) by streamlining co-op fund processes and providing data-driven enablement materials that prioritized our product over competitors (Z).
SEO/Content,Real Estate (Startup),Managed online reviews and audited local links.,Boosted local Map Pack rankings by 22 positions (X/Y) by systematically cleaning NAP data and building local citations to prove offline foot-traffic correlation (Z).
PR/Brand,Food/Beverage (Small),Approved local ad spend and distributed national campaign assets.,Maintained 100% brand consistency across 50+ franchisee locations (X/Y) by deploying automated asset portals that prevented rogue local ad spending (Z).
Events,Automotive (Mid),Designed interactive booths and managed brand ambassadors.,Generated 500+ experiential leads per event (X/Y) by designing interactive vehicle-match quizzes that digitized physical foot traffic to measure direct event ROI (Z).
PR/Brand,Gaming/ESports (Large/Listed),Drafted sponsorship decks and tracked stream viewership.,"Secured $500k in sponsorship value (X/Y) by utilizing data to rank streamers by brand fit, successfully navigating volatile viewership numbers and controversies (Z)."
Lifecycle/CRM,Media/Publishing (Startup),"Ran sweepstakes, tested signup forms, and managed cross-promotions.","Grew newsletter subscriber base by 20,000 users (X/Y) by deploying gamified milestone rewards and strictly navigating email provider spam filters (Z)."
Performance,Lifestyle/App (Small),"Adjusted bids, tested ad variations, and monitored install rates.",Reduced App Store Cost-Per-Tap by 15% in a saturated market (X/Y) by executing rapid A/B testing on visuals and leveraging long-tail keyword bidding (Z).
Performance,Retail (Mid),Ran Sponsored Product ads and optimized titles.,Improved Amazon ROAS by 28% (X/Y) by optimizing product listings for SEO and building automated pauses for low-stock inventory to combat rising fee structures (Z).
Social Media,Web3/Crypto (Large/Listed),Organized AMAs and moderated daily chatter on Discord.,Retained 80% of active community members during market downturns (X/Y) by deploying proactive crisis management and hosting transparent executive AMAs (Z).
PR/Brand,FinTech (Startup),Wrote CEO op-eds and drafted shareholder letters.,Secured 1M+ organic impressions for executive thought leadership (X/Y) by ghostwriting data-backed LinkedIn posts that minimized time constraints on the C-suite (Z).
Operations,Tech/B2B SaaS (Small),Built scoring models and ensured data privacy.,Accelerated lead-to-meeting velocity by 24% (X/Y) by mapping complex data routes and fixing broken CRM syncs to prevent automation logic failures (Z).
Events,Manufacturing (Mid),Shipped heavy machinery and scanned badges at trade shows.,Cut drayage and event shipping costs by 15% (X/Y) by optimizing booth logistics and deploying digital lead-retrieval systems for instant CRM syncing (Z).
Social Media,Entertainment (Large/Listed),Seeded content on Reddit and hired niche creators.,Generated 5M+ viral video views (X/Y) by spotting emerging audio trends and distributing remixable meme templates that unforced organic sharing (Z).
PR/Brand,HR Tech (Startup),Produced employee spotlight videos and managed career site SEO.,Increased high-quality applicant volume by 40% (X/Y) by overhauling the Glassdoor response strategy and launching authentic employee-driven video campaigns (Z).
Performance,Non-Profit (Small),"Sourced paper stock, purchased mailing lists, and tracked reply envelopes.",Lifted direct mail donation response rates by 12% (X/Y) by personalizing copy and offsetting rising print costs through hyper-targeted list brokering (Z).
Performance,Cybersecurity (Mid),Sent bespoke direct mail and ran IP-targeted ads.,Penetrated 15 top-tier enterprise accounts (X/Y) by executing surgical IP-targeted ads and aligning marketing outreach flawlessly with the sales team (Z).
Social Media,EdTech (Large/Listed),A/B tested thumbnails and wrote video scripts.,Boosted YouTube average view duration by 35% (X/Y) by reverse-engineering audience drop-off metrics and optimizing visual hooks to satisfy algorithm shifts (Z).
Performance,Home/Decor (Startup),Uploaded product catalogs and tracked CPA on Pinterest.,Scaled Pinterest-driven e-commerce sales by $150k (X/Y) by optimizing visual discovery pins and tracking long-tail conversions across a 90-day window (Z).
SEO/Content,Tech/SaaS (Small),Designed logic jumps and routed lead data from quizzes.,"Captured 1,200 new high-intent leads (X/Y) by building interactive ROI calculators that balanced engaging UX with mandatory lead-capture forms (Z)."
Sales,FMCG (Mid),Designed floor stickers and ran cash-back offers.,Drove a 9% lift in physical retail sales (X/Y) by deploying QR-code rebate programs and successfully navigating strict grocery partner compliance guidelines (Z).
PR/Brand,Beauty/Cosmetics (Large/Listed),Translated campaigns and sourced diverse talent.,"Increased market penetration in diverse demographics by 18% (X/Y) by replacing literal translations with culturally nuanced, localized ad adaptations (Z)."
PR/Brand,Travel/Hospitality (Startup),Drafted joint-venture agreements and planned sweepstakes.,"Generated 15,000 shared leads (X/Y) by negotiating co-branded travel sweepstakes and navigating complex legal approvals for cross-brand data sharing (Z)."
Lifecycle/CRM,Airlines (Small),Adjusted point valuations and analyzed redemption rates.,Lifted frequent flyer engagement by 22% (X/Y) by introducing gamified elite tier perks that effectively reduced point-hoarding liability without devaluing rewards (Z).
Social Media,Lifestyle/Apparel (Mid),DMed customers for photo rights and edited ad montages.,Reduced ad creative costs by 30% (X/Y) by building an automated rights-management workflow and curating high-converting user-generated content (Z).
SEO/Content,E-commerce (Large/Listed),Structured FAQ pages and optimized for near me voice queries.,"Captured ""Position Zero"" for 45 core product searches (X/Y) by rewriting descriptions into conversational NLP snippets to combat zero-click voice search constraints (Z)."
SEO/Content,Agency (Startup),Fixed crawl budgets and resolved redirect chains.,Improved site indexing speed by 40% (X/Y) by performing deep log file analysis and clearly translating complex JS rendering fixes for client developer teams (Z).
Performance,FMCG (Small),Bidded on digital shelf space and matched inventory to ad spend.,Lowered Retail Media Network ACOS by 14% (X/Y) by automating ad-pauses for low-stock SKUs to prevent wasted spend across fragmented retailer networks (Z).
PR/Brand,Music/Audio (Mid),Composed jingles and standardized brand audio guidelines.,Lifted brand recall scores by 15% (X/Y) by standardizing sonic identity guidelines and using frequency analysis to objectively validate subjective client feedback (Z).
Product Marketing,Tech/SaaS (Large/Listed),Designed referral loops and pushed upsell tooltips.,Increased Freemium-to-Paid conversions by 11% (X/Y) by implementing frictionless in-app referral loops and collaborating with engineering to embed marketing hooks (Z).
Performance,Entertainment (Startup),Announced lineups and ran retargeting ads.,Achieved a 95% ticket sell-through rate within 48 hours (X/Y) by deploying dynamic pricing models and urgency-based ads that combated secondary scalper markets (Z).
Events,Fashion (Small),Designed virtual pop-up shops and sold digital wearables.,Drove $50k in digital asset sales (X/Y) by launching immersive Roblox pop-ups and successfully tying virtual engagement to physical e-commerce discounts (Z).
Events,Non-Profit (Mid),Organized street teams and distributed flyers.,Recruited 500+ local volunteers with a zero-dollar ad budget (X/Y) by organizing hyper-targeted grassroots street teams and leveraging community mapping data (Z).
Operations,Tech/Hardware (Large/Listed),Mystery shopped competitors and briefed leadership.,Decreased competitor response time by 50% (X/Y) by reverse-engineering rival ad strategies and separating actual product roadmaps from PR fluff (Z).
Lifecycle/CRM,HealthTech (Startup),Ran customer advisory boards and wrote success stories.,Generated 20 compliant patient testimonials (X/Y) by hosting digital focus groups and strictly navigating healthcare privacy laws to build brand advocacy (Z).
Sales,Telecommunications (Small),Mailed reward gift cards and tracked store sales.,Boosted regional retail upsells by 18% (X/Y) by designing digital SPIFF leaderboards that successfully motivated staff while preventing incentive system gaming (Z).
Operations,Pharmaceuticals (Mid),Reviewed ad copy for false claims and ensured side-effect visibility.,Accelerated creative approval cycles by 30% (X/Y) by building automated compliance checklists that ensured 100% FDA adherence without stifling design (Z).
Performance,Retail (Large/Listed),Decided which products got the cover and analyzed profitability.,Increased direct mail offline-to-online sales lift by 12% (X/Y) by utilizing square-inch profitability analysis to offset high print production costs (Z).
PR/Brand,Gaming (Startup),Rewrote slang for local markets and swapped out imagery.,"Increased regional app downloads by 25% (X/Y) by utilizing cultural transcreation to adapt humor and slang, preventing literal translations from flattening the brand tone (Z)."
Events,EdTech (Small),Sent swag boxes and tracked ambassador referral codes.,Retained 85% of active campus ambassadors (X/Y) by implementing continuous engagement loops and micro-targeting high-interest universities to combat turnover (Z).
Social Media,Food/Beverage (Mid),Mailed free snacks and tracked unboxing stories.,Scaled micro-influencer campaign volume to 100+ creators (X/Y) by automating mass outreach tracking while retaining personalized relationship management (Z).
Lifecycle/CRM,Fitness/Wellness (Large/Listed),Wrote copy and triggered alerts based on app inactivity.,Lifted Daily Active User (DAU) retention by 15% (X/Y) by designing behavior-triggered push notifications that circumvented system-level notification opt-outs (Z).
SEO/Content,Tech/B2B SaaS (Startup),Designed landing pages and gated industry reports.,"Generated 400+ Marketing Qualified Leads (X/Y) by designing high-value, data-driven whitepapers that successfully captured emails in an ungated-content trend (Z)."
Operations,Automotive (Small),Audited agency hours and ran pitches.,Cut external agency overhead by 15% (X/Y) by executing rigorous RFP management and financial negotiations without compromising creative output quality (Z).
Strategy,Agency/Consulting (Mid),Set North Star metrics and audited tech stacks.,Improved overall client marketing ROI by 22% (X/Y) by acting as a Fractional CMO to overhaul multi-channel strategies despite limited weekly execution hours (Z).
Operations,FinTech (Large/Listed),Forecasted seasonal shifts and modeled churn.,Increased predictive modeling accuracy by 18% (X/Y) by utilizing statistical data visualization to foresee customer behavior and mitigate market unpredictability (Z).
Social Media,Media/Publishing (Startup),Created shareable content and tracked UTM-less traffic.,Tracked 25% more previously uncredited referral traffic (X/Y) by utilizing advanced social listening and dark social attribution methods to influence private channel shares (Z).